group,visit,sales,conversion_rate
control,147202,17723,0.12039917935897611
treatment,147276,17514,0.11891957956489856
