landing_page,visit,sales,conversion_rate
new_page,147239,17498,0.11884079625642663
old_page,147239,17739,0.12047759085568362
